{"X_mean": [14.722078319278687, 50.3254699015909, 10.006213484170793, 1.510625], "X_scale": [11.512761219816314, 29.012400727276383, 5.745499354386784, 1.1179835013876407], "y_mean": [9.716273036356101, 6.917725081856238, 31.502105281720592, 15.816899612190486, 3.444654495649349], "y_scale": [0.6768800889928509, 0.5198614322238997, 7.163371880613908, 8.070779579082783, 0.9807307459615846]}