{"X_mean": [15.003615921655856, 49.803861726147154, 10.006616290367143, 1.490125], "X_scale": [11.5748461243414, 28.748448120590346, 5.76618770079806, 1.1165919059240186], "y_mean": [9.711932850806864, 6.926808983716328, 31.442723720855696, 15.995060073845714, 3.446234377801176], "y_scale": [0.6848835123138755, 0.5240185250539976, 7.089084104755038, 8.116974617115517, 0.9674445067676273]}